{"packages/easy_localization/i18n/ar-DZ.json":["packages/easy_localization/i18n/ar-DZ.json"],"packages/easy_localization/i18n/ar.json":["packages/easy_localization/i18n/ar.json"],"packages/easy_localization/i18n/en-US.json":["packages/easy_localization/i18n/en-US.json"],"packages/easy_localization/i18n/en.json":["packages/easy_localization/i18n/en.json"],"packages/font_awesome_flutter/lib/fonts/fa-brands-400.ttf":["packages/font_awesome_flutter/lib/fonts/fa-brands-400.ttf"],"packages/font_awesome_flutter/lib/fonts/fa-regular-400.ttf":["packages/font_awesome_flutter/lib/fonts/fa-regular-400.ttf"],"packages/font_awesome_flutter/lib/fonts/fa-solid-900.ttf":["packages/font_awesome_flutter/lib/fonts/fa-solid-900.ttf"],"res/animation/like.json":["res/animation/like.json"],"res/campus/ecr.svg":["res/campus/ecr.svg"],"res/campus/geogebra.svg":["res/campus/geogebra.svg"],"res/campus/gpa_calculator.svg":["res/campus/gpa_calculator.svg"],"res/campus/klia_express.svg":["res/campus/klia_express.svg"],"res/campus/maintenance.svg":["res/campus/maintenance.svg"],"res/campus/transcript.svg":["res/campus/transcript.svg"],"res/campus/vpn.svg":["res/campus/vpn.svg"],"res/campus/wolfram.svg":["res/campus/wolfram.svg"],"res/init_background.jpg":["res/init_background.jpg"],"res/logo_outlined.png":["res/logo_outlined.png"],"res/static.json":["res/static.json"],"res/translation/en.json":["res/translation/en.json"],"res/translation/zh-CN.json":["res/translation/zh-CN.json"],"res/translation/zh-Hans.json":["res/translation/zh-Hans.json"]}