{
  "academicCalendarImages": {
    "undergraduate": {
      "2021": "http://www.xmu.edu.my/_upload/article/images/09/cb/1e57725f45ce8bbe1c0c9d5008f0/be7554ea-f4dc-47fc-be36-91c6338c7809.png",
      "2022": "http://www.xmu.edu.my/_upload/article/images/09/cb/1e57725f45ce8bbe1c0c9d5008f0/631d69f3-5cd4-43b5-b495-5670d6ecbcfe.png"
    },
    "foundation": {
      "202004": "http://www.xmu.edu.my/_upload/article/images/09/cb/1e57725f45ce8bbe1c0c9d5008f0/053f8bfc-bf86-454a-90f4-070cf603423c.png",
      "202008": "http://www.xmu.edu.my/_upload/article/images/09/cb/1e57725f45ce8bbe1c0c9d5008f0/f88198fd-21f8-4f46-8bcc-e9455069dfce.png",
      "202012": "http://www.xmu.edu.my/_upload/article/images/09/cb/1e57725f45ce8bbe1c0c9d5008f0/e8b42c7b-e63b-4e82-ae19-203ea818eef5.jpg",
      "202104": "http://www.xmu.edu.my/_upload/article/images/09/cb/1e57725f45ce8bbe1c0c9d5008f0/d7af18e9-dc7b-40c4-ad16-14590ea87fd1.jpg"
    }
  },
  "busScheduleImage": "http://www.xmu.edu.my/_upload/article/images/7a/24/ad85b64f496e9abc7833d44c0069/c9209c14-fc8b-4485-8136-40a5439ef630.png",
  "kliaTransitScheduleImage": "https://s2.ax1x.com/2019/05/09/E2PLSP.png",
  "kliaExpressScheduleImage": "https://s2.ax1x.com/2019/05/09/E2iMf1.png"
}